{
    "scooby.doo@mystery.com": {
        "username": "Scooby",
        "password": "RaggyDoo123DoDo",
        "list": {
            "Item": [
                "Desc",
                8720
            ],
            "dad": [
                "dade",
                908
            ]
        }
    },
    "emil.bonevnilsson@elev.ga.ntig.se ": {
        "username": "Emil Bonev Nilsson",
        "password": "1234",
        "list": {
            "Item": [
                "Desc",
                3910
            ]
        }
    },
    "robin.dahl@elev.ga.ntig.se": {
        "username": "Robin Dahl",
        "password": "1234",
        "list": {
            "Do the deed": [
                "kill th",
                2442
            ],
            "fgh": [
                "fvgh",
                1001
            ],
            "da": [
                "d",
                2404
            ],
            "dad": [
                "dasd",
                8662
            ],
            "dasd": [
                "dasd",
                821
            ],
            "dwad": [
                "dwad",
                7887
            ]
        }
    }
}